{"extensionType":"field_faas","i18nMap":{"zh-CN":{"label.fieldSelect.files":"请选择图片附件所在字段","label.fieldSelect.date":"请选择时间所在字段","label.input":"请输入水印自定义文字","label.input.placeholder":"将显示在图片底部","label.fieldSelect.direction":"请选择水印位置","label.singleSelect.placeholder":"请选择","label.singleSelect.leftTop":"左上","label.singleSelect.leftBottom":"左下","label.singleSelect.rightTop":"右上","label.singleSelect.rightBottom":"右下","label.singleSelect.cover":"覆盖全图"},"en-US":{"label.fieldSelect.files":"Please select the field where the image attachment is located","label.fieldSelect.date":"Please select the field where the time is located","label.input":"Enter the custom watermark text","label.input.placeholder":"It will be displayed at the bottom of the image","label.fieldSelect.direction":"Please select the watermark location","label.singleSelect.placeholder":"Please select","label.singleSelect.leftTop":"Left top","label.singleSelect.leftBottom":"Left bottom","label.singleSelect.rightTop":"Right top","label.singleSelect.rightBottom":"Right bottom","label.singleSelect.cover":"Cover the entire image"},"ja-JP":{"label.fieldSelect.files":"画像アプロードのフィールドを選択してください","label.fieldSelect.date":"日付フィールドを選択してください","label.input":"水印のカスタムテキストを入力してください","label.input.placeholder":"画像の下に表示されます","label.fieldSelect.direction":"水印の位置を選択してください","label.singleSelect.placeholder":"選択してください","label.singleSelect.leftTop":"左上","label.singleSelect.leftBottom":"左下","label.singleSelect.rightTop":"右上","label.singleSelect.rightBottom":"右下","label.singleSelect.cover":"全体を埋める"}},"fields":[{"fieldType":17,"uiSchema":{"fieldsConfigEditor":{"component":"OpenFieldMetaEditor","props":{"schema":{"items":[{"key":"files","label":"${{label.fieldSelect.files}}","component":"FieldSelect","props":{"supportType":[17]},"validator":{"required":true}},{"key":"text","label":"${{label.input}}","component":"FieldSelect","props":{"supportType":[1]},"validator":{"required":true}},{"key":"date","label":"${{label.fieldSelect.date}}","component":"FieldSelect","props":{"supportType":[5]},"validator":{"required":false}},{"key":"direction","label":"${{label.fieldSelect.direction}}","component":"SingleSelect","props":{"placeholder":"${{label.singleSelect.placeholder}}","options":[{"label":"${{label.singleSelect.leftTop}}","value":"leftTop"},{"label":"${{label.singleSelect.leftBottom}}","value":"leftBottom"},{"label":"${{label.singleSelect.rightTop}}","value":"rightTop"},{"label":"${{label.singleSelect.rightBottom}}","value":"rightBottom"},{"label":"${{label.singleSelect.cover}}","value":"cover"}]},"validator":{"required":true}},{"key":"text","label":"${{label.input}}","component":"FieldSelect","props":{"supportType":[1]},"validator":{"required":true}}]}}}},"presetFieldConfig":{"fieldProperty":{"propertyType":17,"properties":[]},"externalEditorConfig":{}}}]}