{"extensionType":"field_faas","i18nMap":{"zh-CN":{"label.fieldSelect.files":"请选择图片附件所在字段","label.fieldSelect.date":"请选择时间所在字段","label.input":"请输入水印自定义文字","label.input.placeholder":"将显示在图片底部"},"en-US":{"label.fieldSelect.files":"Please select the field where the image attachment is located","label.fieldSelect.date":"Please select the field where the time is located","label.input":"Enter the custom watermark text","label.input.placeholder":"It will be displayed at the bottom of the image"},"ja-JP":{"label.fieldSelect.files":"画像アプロードのフィールドを選択してください","label.fieldSelect.date":"日付フィールドを選択してください","label.input":"水印のカスタムテキストを入力してください","label.input.placeholder":"画像の下に表示されます"}},"fields":[{"fieldType":17,"uiSchema":{"fieldsConfigEditor":{"component":"OpenFieldMetaEditor","props":{"schema":{"items":[{"key":"files","label":"${{label.fieldSelect.files}}","component":"FieldSelect","props":{"supportType":[17]},"validator":{"required":true}},{"key":"date","label":"${{label.fieldSelect.date}}","component":"FieldSelect","props":{"supportType":[5]},"validator":{"required":true}},{"key":"text","label":"${{label.input}}","component":"FieldSelect","props":{"supportType":[1]},"validator":{"required":true}}]}}}},"presetFieldConfig":{"fieldProperty":{"propertyType":17,"properties":[]},"externalEditorConfig":{}}}]}